{
    "folders": [
        {
            "path": "Assets/Scenes",
            "color": {
                "r": 0.9800000190734863,
                "g": 0.8799999952316284,
                "b": 0.3700000047683716,
                "a": 1.0
            },
            "markerIndex": 1
        },
        {
            "path": "Assets/Script",
            "color": {
                "r": 0.3799999952316284,
                "g": 0.699999988079071,
                "b": 0.9900000095367432,
                "a": 1.0
            },
            "markerIndex": 6
        },
        {
            "path": "Assets/Resources",
            "color": {
                "r": 0.5799999833106995,
                "g": 0.550000011920929,
                "b": 0.9700000286102295,
                "a": 1.0
            },
            "markerIndex": 9
        },
        {
            "path": "Assets/images",
            "color": {
                "r": 0.9100000262260437,
                "g": 0.27000001072883608,
                "b": 0.27000001072883608,
                "a": 1.0
            },
            "markerIndex": 31
        }
    ]
}